date,product_id,product_name,category,raw_price,units_sold,unit_cost,year,month,day_of_week,date_only,clean_price,price_diff,temperature,precipitation,revenue,is_rainy,temp_category,is_weekend,rolling_7d_units
2016-01-01,101.0,Marraqueta,Panes,1418,86,560.0,2016,1,Friday,2016-01-01,1418,0,21.7,0.0,121948,0,caluroso,False,86.0
2016-01-01,505.0,Sopaipillas (bolsa),Rotisería,2479,13,750.0,2016,1,Friday,2016-01-01,2479,0,21.7,0.0,32227,0,caluroso,False,13.0
2016-01-01,504.0,Torta Selva Negra,Rotisería,14936,3,6000.0,2016,1,Friday,2016-01-01,14936,0,21.7,0.0,44808,0,caluroso,False,3.0
2016-01-01,503.0,Galletas Mantequilla,Rotisería,2783,13,840.0,2016,1,Friday,2016-01-01,2783,0,21.7,0.0,36179,0,caluroso,False,13.0
2016-01-01,502.0,Mermelada Casera,Rotisería,3206,12,1600.0,2016,1,Friday,2016-01-01,3206,0,21.7,0.0,38472,0,caluroso,False,12.0
2016-01-01,405.0,Té / Infusión,Cafetería,1020,5,100.0,2016,1,Friday,2016-01-01,1020,0,21.7,0.0,5100,0,caluroso,False,5.0
2016-01-01,404.0,Bebida 500ml,Cafetería,1208,37,480.0,2016,1,Friday,2016-01-01,1208,0,21.7,0.0,44696,0,caluroso,False,37.0
2016-01-01,402.0,Capuchino,Cafetería,2226,35,440.0,2016,1,Friday,2016-01-01,2226,0,21.7,0.0,77910,0,caluroso,False,35.0
2016-01-01,401.0,Café Espresso,Cafetería,1478,37,225.0,2016,1,Friday,2016-01-01,1478,0,21.7,0.0,54686,0,caluroso,False,37.0
2016-01-01,305.0,Napolitana,Empanadas,2038,4,840.0,2016,1,Friday,2016-01-01,2038,0,21.7,0.0,8152,0,caluroso,False,4.0
2016-01-01,304.0,Queso Frita,Empanadas,1595,25,560.0,2016,1,Friday,2016-01-01,1595,0,21.7,0.0,39875,0,caluroso,False,25.0
2016-01-01,303.0,Pino Frita,Empanadas,1825,20,720.0,2016,1,Friday,2016-01-01,1825,0,21.7,0.0,36500,0,caluroso,False,20.0
2016-01-01,403.0,Jugo Natural,Cafetería,12720,19,750.0,2016,1,Friday,2016-01-01,12720,0,21.7,0.0,241680,0,caluroso,False,19.0
2016-01-01,301.0,Pino Horno,Empanadas,2180,23,880.0,2016,1,Friday,2016-01-01,2180,0,21.7,0.0,50140,0,caluroso,False,23.0
2016-01-01,302.0,Queso Horno,Empanadas,2061,21,700.0,2016,1,Friday,2016-01-01,2061,0,21.7,0.0,43281,0,caluroso,False,21.0
2016-01-01,103.0,Pan Integral,Panes,1783,27,810.0,2016,1,Friday,2016-01-01,1783,0,21.7,0.0,48141,0,caluroso,False,27.0
2016-01-01,104.0,Pan de Molde,Panes,2207,20,770.0,2016,1,Friday,2016-01-01,2207,0,21.7,0.0,44140,0,caluroso,False,20.0
2016-01-01,105.0,Baguette,Panes,1118,20,550.0,2016,1,Friday,2016-01-01,1118,0,21.7,0.0,22360,0,caluroso,False,20.0
2016-01-01,201.0,Berlín Crema,Pastelería,1163,36,360.0,2016,1,Friday,2016-01-01,1163,0,21.7,0.0,41868,0,caluroso,False,36.0
2016-01-01,102.0,Hallulla,Panes,1443,70,560.0,2016,1,Friday,2016-01-01,1443,0,21.7,0.0,101010,0,caluroso,False,70.0
2016-01-01,203.0,Kuchen de Manzana,Pastelería,12490,20,1000.0,2016,1,Friday,2016-01-01,12490,0,21.7,0.0,249800,0,caluroso,False,20.0
2016-01-01,204.0,Donas,Pastelería,1117,46,330.0,2016,1,Friday,2016-01-01,1117,0,21.7,0.0,51382,0,caluroso,False,46.0
2016-01-01,205.0,Pastel de Milhojas,Pastelería,1760,20,630.0,2016,1,Friday,2016-01-01,1760,0,21.7,0.0,35200,0,caluroso,False,20.0
2016-01-01,202.0,Alfajor Maicena,Pastelería,1003,39,250.0,2016,1,Friday,2016-01-01,1003,0,21.7,0.0,39117,0,caluroso,False,39.0
2016-01-02,304.0,Queso Frita,Empanadas,1571,18,560.0,2016,1,Saturday,2016-01-02,1571,0,21.5,0.0,28278,0,caluroso,True,21.5
2016-01-02,505.0,Sopaipillas (bolsa),Rotisería,2526,16,750.0,2016,1,Saturday,2016-01-02,2526,0,21.5,0.0,40416,0,caluroso,True,14.5
2016-01-02,504.0,Torta Selva Negra,Rotisería,15101,11,6001.0,2016,1,Saturday,2016-01-02,15101,0,21.5,0.0,166111,0,caluroso,True,7.0
2016-01-02,503.0,Galletas Mantequilla,Rotisería,2804,17,840.0,2016,1,Saturday,2016-01-02,2804,0,21.5,0.0,47668,0,caluroso,True,15.0
2016-01-02,502.0,Mermelada Casera,Rotisería,3221,9,1600.0,2016,1,Saturday,2016-01-02,3221,0,21.5,0.0,28989,0,caluroso,True,10.5
2016-01-02,405.0,Té / Infusión,Cafetería,961,7,100.0,2016,1,Saturday,2016-01-02,976,-15,21.5,0.0,6832,0,caluroso,True,6.0
2016-01-02,404.0,Bebida 500ml,Cafetería,1197,38,480.0,2016,1,Saturday,2016-01-02,1197,0,21.5,0.0,45486,0,caluroso,True,37.5
2016-01-02,403.0,Jugo Natural,Cafetería,2561,22,750.0,2016,1,Saturday,2016-01-02,2561,0,21.5,0.0,56342,0,caluroso,True,20.5
2016-01-02,401.0,Café Espresso,Cafetería,1463,43,225.0,2016,1,Saturday,2016-01-02,1463,0,21.5,0.0,62909,0,caluroso,True,40.0
2016-01-02,305.0,Napolitana,Empanadas,2135,10,840.0,2016,1,Saturday,2016-01-02,2135,0,21.5,0.0,21350,0,caluroso,True,7.0
2016-01-02,303.0,Pino Frita,Empanadas,1820,11,720.0,2016,1,Saturday,2016-01-02,1820,0,21.5,0.0,20020,0,caluroso,True,15.5
2016-01-02,402.0,Capuchino,Cafetería,2228,27,440.0,2016,1,Saturday,2016-01-02,2228,0,21.5,0.0,60156,0,caluroso,True,31.0
2016-01-02,301.0,Pino Horno,Empanadas,2157,27,880.0,2016,1,Saturday,2016-01-02,2157,0,21.5,0.0,58239,0,caluroso,True,25.0
2016-01-02,102.0,Hallulla,Panes,1376,74,560.0,2016,1,Saturday,2016-01-02,1376,0,21.5,0.0,101824,0,caluroso,True,72.0
2016-01-02,103.0,Pan Integral,Panes,1788,29,810.0,2016,1,Saturday,2016-01-02,1788,0,21.5,0.0,51852,0,caluroso,True,28.0
2016-01-02,104.0,Pan de Molde,Panes,2165,19,770.0,2016,1,Saturday,2016-01-02,2165,0,21.5,0.0,41135,0,caluroso,True,19.5
2016-01-02,105.0,Baguette,Panes,1082,19,550.0,2016,1,Saturday,2016-01-02,1082,0,21.5,0.0,20558,0,caluroso,True,19.5
2016-01-02,201.0,Berlín Crema,Pastelería,1180,106,360.0,2016,1,Saturday,2016-01-02,1180,0,21.5,0.0,125080,0,caluroso,True,71.0
2016-01-02,101.0,Marraqueta,Panes,6955,103,560.0,2016,1,Saturday,2016-01-02,6955,0,21.5,0.0,716365,0,caluroso,True,94.5
2016-01-02,203.0,Kuchen de Manzana,Pastelería,2429,30,1000.0,2016,1,Saturday,2016-01-02,2430,-1,21.5,0.0,72900,0,caluroso,True,25.0
2016-01-02,204.0,Donas,Pastelería,1095,114,330.0,2016,1,Saturday,2016-01-02,1095,0,21.5,0.0,124830,0,caluroso,True,80.0
2016-01-02,205.0,Pastel de Milhojas,Pastelería,1775,55,630.0,2016,1,Saturday,2016-01-02,1775,0,21.5,0.0,97625,0,caluroso,True,37.5
2016-01-02,202.0,Alfajor Maicena,Pastelería,1025,122,250.0,2016,1,Saturday,2016-01-02,1025,0,21.5,0.0,125050,0,caluroso,True,80.5
2016-01-02,302.0,Queso Horno,Empanadas,1978,26,700.0,2016,1,Saturday,2016-01-02,1978,0,21.5,0.0,51428,0,caluroso,True,23.5
2016-01-03,505.0,Sopaipillas (bolsa),Rotisería,2521,16,750.0,2016,1,Sunday,2016-01-03,2521,0,20.1,0.0,40336,0,caluroso,True,15.0
2016-01-03,304.0,Queso Frita,Empanadas,1596,18,560.0,2016,1,Sunday,2016-01-03,1596,0,20.1,0.0,28728,0,caluroso,True,20.33333333333333
2016-01-03,504.0,Torta Selva Negra,Rotisería,77925,6,6002.0,2016,1,Sunday,2016-01-03,77402,523,20.1,0.0,464412,0,caluroso,True,6.666666666666667
2016-01-03,503.0,Galletas Mantequilla,Rotisería,2834,8,840.0,2016,1,Sunday,2016-01-03,2834,0,20.1,0.0,22672,0,caluroso,True,12.666666666666666
2016-01-03,502.0,Mermelada Casera,Rotisería,3246,5,1601.0,2016,1,Sunday,2016-01-03,3246,0,20.1,0.0,16230,0,caluroso,True,8.666666666666666
2016-01-03,405.0,Té / Infusión,Cafetería,1012,12,100.0,2016,1,Sunday,2016-01-03,1012,0,20.1,0.0,12144,0,caluroso,True,8.0
2016-01-03,404.0,Bebida 500ml,Cafetería,1205,30,480.0,2016,1,Sunday,2016-01-03,1205,0,20.1,0.0,36150,0,caluroso,True,35.0
2016-01-03,403.0,Jugo Natural,Cafetería,2509,10,750.0,2016,1,Sunday,2016-01-03,2509,0,20.1,0.0,25090,0,caluroso,True,17.0
2016-01-03,402.0,Capuchino,Cafetería,2184,21,440.0,2016,1,Sunday,2016-01-03,2184,0,20.1,0.0,45864,0,caluroso,True,27.666666666666668
2016-01-03,401.0,Café Espresso,Cafetería,1441,25,225.0,2016,1,Sunday,2016-01-03,1441,0,20.1,0.0,36025,0,caluroso,True,35.0
2016-01-03,305.0,Napolitana,Empanadas,2046,14,840.0,2016,1,Sunday,2016-01-03,2046,0,20.1,0.0,28644,0,caluroso,True,9.333333333333334
2016-01-03,301.0,Pino Horno,Empanadas,10915,22,880.0,2016,1,Sunday,2016-01-03,10915,0,20.1,0.0,240130,0,caluroso,True,24.0
2016-01-03,205.0,Pastel de Milhojas,Pastelería,1828,52,630.0,2016,1,Sunday,2016-01-03,1828,0,20.1,0.0,95056,0,caluroso,True,42.333333333333336
2016-01-03,204.0,Donas,Pastelería,1093,119,330.0,2016,1,Sunday,2016-01-03,1093,0,20.1,0.0,130067,0,caluroso,True,93.0
2016-01-03,203.0,Kuchen de Manzana,Pastelería,2544,40,1000.0,2016,1,Sunday,2016-01-03,2544,0,20.1,0.0,101760,0,caluroso,True,30.0
2016-01-03,202.0,Alfajor Maicena,Pastelería,1001,136,250.0,2016,1,Sunday,2016-01-03,1001,0,20.1,0.0,136136,0,caluroso,True,99.0
2016-01-03,201.0,Berlín Crema,Pastelería,1226,101,360.0,2016,1,Sunday,2016-01-03,1226,0,20.1,0.0,123826,0,caluroso,True,81.0
2016-01-03,105.0,Baguette,Panes,1124,26,550.0,2016,1,Sunday,2016-01-03,1124,0,20.1,0.0,29224,0,caluroso,True,21.666666666666668
2016-01-03,104.0,Pan de Molde,Panes,2165,23,770.0,2016,1,Sunday,2016-01-03,2165,0,20.1,0.0,49795,0,caluroso,True,20.666666666666668
2016-01-03,103.0,Pan Integral,Panes,1809,33,810.0,2016,1,Sunday,2016-01-03,1809,0,20.1,0.0,59697,0,caluroso,True,29.666666666666668
2016-01-03,102.0,Hallulla,Panes,1378,70,560.0,2016,1,Sunday,2016-01-03,1378,0,20.1,0.0,96460,0,caluroso,True,71.33333333333333
2016-01-03,101.0,Marraqueta,Panes,1383,73,560.0,2016,1,Sunday,2016-01-03,1383,0,20.1,0.0,100959,0,caluroso,True,87.33333333333333
2016-01-03,302.0,Queso Horno,Empanadas,2024,25,700.0,2016,1,Sunday,2016-01-03,2024,0,20.1,0.0,50600,0,caluroso,True,24.0
2016-01-04,305.0,Napolitana,Empanadas,2040,6,840.0,2016,1,Monday,2016-01-04,2040,0,21.3,0.0,12240,0,caluroso,False,8.5
2016-01-04,401.0,Café Espresso,Cafetería,1509,40,225.0,2016,1,Monday,2016-01-04,1509,0,21.3,0.0,60360,0,caluroso,False,36.25
2016-01-04,402.0,Capuchino,Cafetería,2205,31,440.0,2016,1,Monday,2016-01-04,2205,0,21.3,0.0,68355,0,caluroso,False,28.5
2016-01-04,404.0,Bebida 500ml,Cafetería,1193,41,480.0,2016,1,Monday,2016-01-04,1193,0,21.3,0.0,48913,0,caluroso,False,36.5
2016-01-04,304.0,Queso Frita,Empanadas,1609,19,560.0,2016,1,Monday,2016-01-04,1609,0,21.3,0.0,30571,0,caluroso,False,20.0
2016-01-04,502.0,Mermelada Casera,Rotisería,3237,9,1601.0,2016,1,Monday,2016-01-04,3237,0,21.3,0.0,29133,0,caluroso,False,8.75
2016-01-04,503.0,Galletas Mantequilla,Rotisería,2842,11,840.0,2016,1,Monday,2016-01-04,2842,0,21.3,0.0,31262,0,caluroso,False,12.25
2016-01-04,504.0,Torta Selva Negra,Rotisería,14957,5,6003.0,2016,1,Monday,2016-01-04,14957,0,21.3,0.0,74785,0,caluroso,False,6.25
2016-01-04,505.0,Sopaipillas (bolsa),Rotisería,12575,11,750.0,2016,1,Monday,2016-01-04,12575,0,21.3,0.0,138325,0,caluroso,False,14.0
2016-01-04,405.0,Té / Infusión,Cafetería,1010,9,100.0,2016,1,Monday,2016-01-04,1010,0,21.3,0.0,9090,0,caluroso,False,8.25
2016-01-04,303.0,Pino Frita,Empanadas,1805,20,720.0,2016,1,Monday,2016-01-04,1805,0,21.3,0.0,36100,0,caluroso,False,17.0
2016-01-04,403.0,Jugo Natural,Cafetería,2505,17,750.0,2016,1,Monday,2016-01-04,2505,0,21.3,0.0,42585,0,caluroso,False,17.0
2016-01-04,301.0,Pino Horno,Empanadas,2259,29,880.0,2016,1,Monday,2016-01-04,2259,0,21.3,0.0,65511,0,caluroso,False,25.25
2016-01-04,101.0,Marraqueta,Panes,1414,92,560.0,2016,1,Monday,2016-01-04,1414,0,21.3,0.0,130088,0,caluroso,False,88.5
2016-01-04,102.0,Hallulla,Panes,1414,77,560.0,2016,1,Monday,2016-01-04,1414,0,21.3,0.0,108878,0,caluroso,False,72.75
2016-01-04,103.0,Pan Integral,Panes,1781,25,810.0,2016,1,Monday,2016-01-04,1781,0,21.3,0.0,44525,0,caluroso,False,28.5
2016-01-04,104.0,Pan de Molde,Panes,2145,17,770.0,2016,1,Monday,2016-01-04,2148,-3,21.3,0.0,36516,0,caluroso,False,19.75
2016-01-04,105.0,Baguette,Panes,1076,22,550.0,2016,1,Monday,2016-01-04,1076,0,21.3,0.0,23672,0,caluroso,False,21.75
2016-01-04,302.0,Queso Horno,Empanadas,2002,13,700.0,2016,1,Monday,2016-01-04,2002,0,21.3,0.0,26026,0,caluroso,False,21.25
2016-01-04,202.0,Alfajor Maicena,Pastelería,1017,53,250.0,2016,1,Monday,2016-01-04,1017,0,21.3,0.0,53901,0,caluroso,False,87.5
2016-01-04,203.0,Kuchen de Manzana,Pastelería,2533,15,1000.0,2016,1,Monday,2016-01-04,2533,0,21.3,0.0,37995,0,caluroso,False,26.25
2016-01-04,204.0,Donas,Pastelería,1086,43,330.0,2016,1,Monday,2016-01-04,1086,0,21.3,0.0,46698,0,caluroso,False,80.5
2016-01-04,205.0,Pastel de Milhojas,Pastelería,1843,21,630.0,2016,1,Monday,2016-01-04,1843,0,21.3,0.0,38703,0,caluroso,False,37.0
2016-01-04,201.0,Berlín Crema,Pastelería,1231,40,360.0,2016,1,Monday,2016-01-04,1231,0,21.3,0.0,49240,0,caluroso,False,70.75
2016-01-05,401.0,Café Espresso,Cafetería,1554,41,225.0,2016,1,Tuesday,2016-01-05,1554,0,23.4,0.0,63714,0,caluroso,False,37.2
2016-01-05,505.0,Sopaipillas (bolsa),Rotisería,2474,10,750.0,2016,1,Tuesday,2016-01-05,2474,0,23.4,0.0,24740,0,caluroso,False,13.2
2016-01-05,504.0,Torta Selva Negra,Rotisería,14765,3,6004.0,2016,1,Tuesday,2016-01-05,14765,0,23.4,0.0,44295,0,caluroso,False,5.6
2016-01-05,503.0,Galletas Mantequilla,Rotisería,2749,14,841.0,2016,1,Tuesday,2016-01-05,2749,0,23.4,0.0,38486,0,caluroso,False,12.6
2016-01-05,502.0,Mermelada Casera,Rotisería,3226,9,1601.0,2016,1,Tuesday,2016-01-05,3226,0,23.4,0.0,29034,0,caluroso,False,8.8
2016-01-05,405.0,Té / Infusión,Cafetería,1027,10,100.0,2016,1,Tuesday,2016-01-05,1027,0,23.4,0.0,10270,0,caluroso,False,8.6
2016-01-05,404.0,Bebida 500ml,Cafetería,1189,37,480.0,2016,1,Tuesday,2016-01-05,1189,0,23.4,0.0,43993,0,caluroso,False,36.6
2016-01-05,403.0,Jugo Natural,Cafetería,2484,17,750.0,2016,1,Tuesday,2016-01-05,2484,0,23.4,0.0,42228,0,caluroso,False,17.0
2016-01-05,402.0,Capuchino,Cafetería,2182,32,440.0,2016,1,Tuesday,2016-01-05,2182,0,23.4,0.0,69824,0,caluroso,False,29.2
2016-01-05,305.0,Napolitana,Empanadas,2188,12,841.0,2016,1,Tuesday,2016-01-05,2188,0,23.4,0.0,26256,0,caluroso,False,9.2
2016-01-05,304.0,Queso Frita,Empanadas,1591,18,560.0,2016,1,Tuesday,2016-01-05,1591,0,23.4,0.0,28638,0,caluroso,False,19.6
2016-01-05,303.0,Pino Frita,Empanadas,1771,17,720.0,2016,1,Tuesday,2016-01-05,1771,0,23.4,0.0,30107,0,caluroso,False,17.0
2016-01-05,302.0,Queso Horno,Empanadas,1996,17,700.0,2016,1,Tuesday,2016-01-05,1996,0,23.4,0.0,33932,0,caluroso,False,20.4
2016-01-05,301.0,Pino Horno,Empanadas,2154,31,881.0,2016,1,Tuesday,2016-01-05,2154,0,23.4,0.0,66774,0,caluroso,False,26.4
2016-01-05,205.0,Pastel de Milhojas,Pastelería,1784,21,630.0,2016,1,Tuesday,2016-01-05,1784,0,23.4,0.0,37464,0,caluroso,False,33.8
2016-01-05,203.0,Kuchen de Manzana,Pastelería,2479,16,1001.0,2016,1,Tuesday,2016-01-05,2479,0,23.4,0.0,39664,0,caluroso,False,24.2
2016-01-05,202.0,Alfajor Maicena,Pastelería,1029,51,250.0,2016,1,Tuesday,2016-01-05,1029,0,23.4,0.0,52479,0,caluroso,False,80.2
2016-01-05,201.0,Berlín Crema,Pastelería,1159,38,360.0,2016,1,Tuesday,2016-01-05,1161,-2,23.4,0.0,44118,0,caluroso,False,64.2
2016-01-05,105.0,Baguette,Panes,1138,17,550.0,2016,1,Tuesday,2016-01-05,1138,0,23.4,0.0,19346,0,caluroso,False,20.8
2016-01-05,104.0,Pan de Molde,Panes,2177,25,770.0,2016,1,Tuesday,2016-01-05,2177,0,23.4,0.0,54425,0,caluroso,False,20.8
2016-01-05,103.0,Pan Integral,Panes,1752,24,811.0,2016,1,Tuesday,2016-01-05,1752,0,23.4,0.0,42048,0,caluroso,False,27.6
2016-01-05,102.0,Hallulla,Panes,1407,79,560.0,2016,1,Tuesday,2016-01-05,1407,0,23.4,0.0,111153,0,caluroso,False,74.0
2016-01-05,101.0,Marraqueta,Panes,1411,96,560.0,2016,1,Tuesday,2016-01-05,1411,0,23.4,0.0,135456,0,caluroso,False,90.0
2016-01-06,304.0,Queso Frita,Empanadas,1580,20,560.0,2016,1,Wednesday,2016-01-06,1580,0,24.2,0.2,31600,1,caluroso,False,19.666666666666668
2016-01-06,305.0,Napolitana,Empanadas,2076,12,841.0,2016,1,Wednesday,2016-01-06,2076,0,24.2,0.2,24912,1,caluroso,False,9.666666666666666
2016-01-06,401.0,Café Espresso,Cafetería,1463,28,225.0,2016,1,Wednesday,2016-01-06,1463,0,24.2,0.2,40964,1,caluroso,False,35.666666666666664
2016-01-06,402.0,Capuchino,Cafetería,2214,20,440.0,2016,1,Wednesday,2016-01-06,2214,0,24.2,0.2,44280,1,caluroso,False,27.666666666666668
2016-01-06,403.0,Jugo Natural,Cafetería,2499,21,751.0,2016,1,Wednesday,2016-01-06,2499,0,24.2,0.2,52479,1,caluroso,False,17.666666666666668
2016-01-06,504.0,Torta Selva Negra,Rotisería,14837,3,6005.0,2016,1,Wednesday,2016-01-06,14837,0,24.2,0.2,44511,1,caluroso,False,5.166666666666667
2016-01-06,405.0,Té / Infusión,Cafetería,990,13,100.0,2016,1,Wednesday,2016-01-06,990,0,24.2,0.2,12870,1,caluroso,False,9.333333333333334
2016-01-06,502.0,Mermelada Casera,Rotisería,3105,8,1601.0,2016,1,Wednesday,2016-01-06,3106,-1,24.2,0.2,24848,1,caluroso,False,8.666666666666666
2016-01-06,503.0,Galletas Mantequilla,Rotisería,2847,10,841.0,2016,1,Wednesday,2016-01-06,2847,0,24.2,0.2,28470,1,caluroso,False,12.166666666666666
2016-01-06,303.0,Pino Frita,Empanadas,1787,18,721.0,2016,1,Wednesday,2016-01-06,1787,0,24.2,0.2,32166,1,caluroso,False,17.2
2016-01-06,404.0,Bebida 500ml,Cafetería,1184,48,480.0,2016,1,Wednesday,2016-01-06,1184,0,24.2,0.2,56832,1,caluroso,False,38.5
2016-01-06,505.0,Sopaipillas (bolsa),Rotisería,2515,11,751.0,2016,1,Wednesday,2016-01-06,2515,0,24.2,0.2,27665,1,caluroso,False,12.833333333333334
2016-01-06,302.0,Queso Horno,Empanadas,2061,21,701.0,2016,1,Wednesday,2016-01-06,2061,0,24.2,0.2,43281,1,caluroso,False,20.5
2016-01-06,205.0,Pastel de Milhojas,Pastelería,1822,17,631.0,2016,1,Wednesday,2016-01-06,1822,0,24.2,0.2,30974,1,caluroso,False,31.0
2016-01-06,101.0,Marraqueta,Panes,1456,81,560.0,2016,1,Wednesday,2016-01-06,1456,0,24.2,0.2,117936,1,caluroso,False,88.5
2016-01-06,102.0,Hallulla,Panes,1402,66,560.0,2016,1,Wednesday,2016-01-06,1402,0,24.2,0.2,92532,1,caluroso,False,72.66666666666667
2016-01-06,103.0,Pan Integral,Panes,1832,21,811.0,2016,1,Wednesday,2016-01-06,1832,0,24.2,0.2,38472,1,caluroso,False,26.5
2016-01-06,104.0,Pan de Molde,Panes,2174,20,771.0,2016,1,Wednesday,2016-01-06,2174,0,24.2,0.2,43480,1,caluroso,False,20.666666666666668
2016-01-06,301.0,Pino Horno,Empanadas,2201,26,881.0,2016,1,Wednesday,2016-01-06,2201,0,24.2,0.2,57226,1,caluroso,False,26.33333333333333
2016-01-06,201.0,Berlín Crema,Pastelería,1239,45,360.0,2016,1,Wednesday,2016-01-06,1239,0,24.2,0.2,55755,1,caluroso,False,61.0
2016-01-06,202.0,Alfajor Maicena,Pastelería,5050,41,250.0,2016,1,Wednesday,2016-01-06,5050,0,24.2,0.2,207050,1,caluroso,False,73.66666666666667
2016-01-06,203.0,Kuchen de Manzana,Pastelería,2535,9,1001.0,2016,1,Wednesday,2016-01-06,2535,0,24.2,0.2,22815,1,caluroso,False,21.666666666666668
2016-01-06,204.0,Donas,Pastelería,1084,43,330.0,2016,1,Wednesday,2016-01-06,1084,0,24.2,0.2,46612,1,caluroso,False,73.0
2016-01-06,105.0,Baguette,Panes,1105,28,550.0,2016,1,Wednesday,2016-01-06,1105,0,24.2,0.2,30940,1,caluroso,False,22.0
2016-01-07,304.0,Queso Frita,Empanadas,1575,13,561.0,2016,1,Thursday,2016-01-07,1575,0,20.6,0.9,20475,1,caluroso,False,18.714285714285715
2016-01-07,305.0,Napolitana,Empanadas,2106,12,841.0,2016,1,Thursday,2016-01-07,2106,0,20.6,0.9,25272,1,caluroso,False,10.0
2016-01-07,401.0,Café Espresso,Cafetería,1473,42,225.0,2016,1,Thursday,2016-01-07,1473,0,20.6,0.9,61866,1,caluroso,False,36.57142857142857
2016-01-07,402.0,Capuchino,Cafetería,2089,30,440.0,2016,1,Thursday,2016-01-07,2144,-55,20.6,0.9,64320,1,caluroso,False,28.0
2016-01-07,403.0,Jugo Natural,Cafetería,2483,18,751.0,2016,1,Thursday,2016-01-07,2483,0,20.6,0.9,44694,1,caluroso,False,17.714285714285715
2016-01-07,405.0,Té / Infusión,Cafetería,1008,8,100.0,2016,1,Thursday,2016-01-07,1008,0,20.6,0.9,8064,1,caluroso,False,9.142857142857142
2016-01-07,502.0,Mermelada Casera,Rotisería,3280,7,1602.0,2016,1,Thursday,2016-01-07,3280,0,20.6,0.9,22960,1,caluroso,False,8.428571428571429
2016-01-07,503.0,Galletas Mantequilla,Rotisería,2840,5,841.0,2016,1,Thursday,2016-01-07,2840,0,20.6,0.9,14200,1,caluroso,False,11.142857142857142
2016-01-07,303.0,Pino Frita,Empanadas,1762,19,721.0,2016,1,Thursday,2016-01-07,1762,0,20.6,0.9,33478,1,caluroso,False,17.5
2016-01-07,505.0,Sopaipillas (bolsa),Rotisería,2481,8,751.0,2016,1,Thursday,2016-01-07,2481,0,20.6,0.9,19848,1,caluroso,False,12.142857142857142
2016-01-07,404.0,Bebida 500ml,Cafetería,1230,41,480.0,2016,1,Thursday,2016-01-07,1230,0,20.6,0.9,50430,1,caluroso,False,38.85714285714285
2016-01-07,504.0,Torta Selva Negra,Rotisería,14894,3,6006.0,2016,1,Thursday,2016-01-07,14894,0,20.6,0.9,44682,1,caluroso,False,4.857142857142857
2016-01-07,302.0,Queso Horno,Empanadas,1985,20,701.0,2016,1,Thursday,2016-01-07,1985,0,20.6,0.9,39700,1,caluroso,False,20.428571428571427
2016-01-07,205.0,Pastel de Milhojas,Pastelería,1831,11,631.0,2016,1,Thursday,2016-01-07,1831,0,20.6,0.9,20141,1,caluroso,False,28.142857142857142
2016-01-07,204.0,Donas,Pastelería,1096,45,330.0,2016,1,Thursday,2016-01-07,1096,0,20.6,0.9,49320,1,caluroso,False,68.33333333333333
2016-01-07,203.0,Kuchen de Manzana,Pastelería,2452,16,1001.0,2016,1,Thursday,2016-01-07,2452,0,20.6,0.9,39232,1,caluroso,False,20.857142857142858
2016-01-07,202.0,Alfajor Maicena,Pastelería,960,48,250.0,2016,1,Thursday,2016-01-07,970,-10,20.6,0.9,46560,1,caluroso,False,70.0
2016-01-07,201.0,Berlín Crema,Pastelería,1226,50,360.0,2016,1,Thursday,2016-01-07,1226,0,20.6,0.9,61300,1,caluroso,False,59.42857142857143
2016-01-07,105.0,Baguette,Panes,5565,15,551.0,2016,1,Thursday,2016-01-07,5565,0,20.6,0.9,83475,1,caluroso,False,21.0
2016-01-07,104.0,Pan de Molde,Panes,2218,29,771.0,2016,1,Thursday,2016-01-07,2218,0,20.6,0.9,64322,1,caluroso,False,21.857142857142858
2016-01-07,103.0,Pan Integral,Panes,1808,25,811.0,2016,1,Thursday,2016-01-07,1808,0,20.6,0.9,45200,1,caluroso,False,26.285714285714285
2016-01-07,102.0,Hallulla,Panes,1419,68,561.0,2016,1,Thursday,2016-01-07,1419,0,20.6,0.9,96492,1,caluroso,False,72.0
2016-01-07,101.0,Marraqueta,Panes,1414,99,561.0,2016,1,Thursday,2016-01-07,1414,0,20.6,0.9,139986,1,caluroso,False,90.0
2016-01-07,301.0,Pino Horno,Empanadas,2217,27,881.0,2016,1,Thursday,2016-01-07,2217,0,20.6,0.9,59859,1,caluroso,False,26.428571428571427
2016-01-08,305.0,Napolitana,Empanadas,2106,9,841.0,2016,1,Friday,2016-01-08,2106,0,18.6,0.9,18954,1,templado,False,10.714285714285714
2016-01-08,401.0,Café Espresso,Cafetería,1498,43,225.0,2016,1,Friday,2016-01-08,1498,0,18.6,0.9,64414,1,templado,False,37.42857142857143
2016-01-08,402.0,Capuchino,Cafetería,2234,22,440.0,2016,1,Friday,2016-01-08,2234,0,18.6,0.9,49148,1,templado,False,26.142857142857142
2016-01-08,403.0,Jugo Natural,Cafetería,2525,10,751.0,2016,1,Friday,2016-01-08,2525,0,18.6,0.9,25250,1,templado,False,16.428571428571427
2016-01-08,304.0,Queso Frita,Empanadas,1559,23,561.0,2016,1,Friday,2016-01-08,1559,0,18.6,0.9,35857,1,templado,False,18.428571428571427
2016-01-08,502.0,Mermelada Casera,Rotisería,3266,8,1602.0,2016,1,Friday,2016-01-08,3266,0,18.6,0.9,26128,1,templado,False,7.857142857142857
2016-01-08,503.0,Galletas Mantequilla,Rotisería,2801,8,841.0,2016,1,Friday,2016-01-08,2801,0,18.6,0.9,22408,1,templado,False,10.428571428571429
2016-01-08,504.0,Torta Selva Negra,Rotisería,15068,3,6007.0,2016,1,Friday,2016-01-08,15068,0,18.6,0.9,45204,1,templado,False,4.857142857142857
2016-01-08,505.0,Sopaipillas (bolsa),Rotisería,2494,10,751.0,2016,1,Friday,2016-01-08,2494,0,18.6,0.9,24940,1,templado,False,11.714285714285714
2016-01-08,405.0,Té / Infusión,Cafetería,1036,15,100.0,2016,1,Friday,2016-01-08,1036,0,18.6,0.9,15540,1,templado,False,10.571428571428571
2016-01-08,303.0,Pino Frita,Empanadas,1832,23,721.0,2016,1,Friday,2016-01-08,1832,0,18.6,0.9,42136,1,templado,False,18.285714285714285
2016-01-08,104.0,Pan de Molde,Panes,2201,21,771.0,2016,1,Friday,2016-01-08,2201,0,18.6,0.9,46221,1,templado,False,22.0
2016-01-08,301.0,Pino Horno,Empanadas,2111,24,881.0,2016,1,Friday,2016-01-08,2140,-29,18.6,0.9,51360,1,templado,False,26.571428571428573
2016-01-08,102.0,Hallulla,Panes,1390,77,561.0,2016,1,Friday,2016-01-08,1390,0,18.6,0.9,107030,1,templado,False,73.0
2016-01-08,103.0,Pan Integral,Panes,1832,40,811.0,2016,1,Friday,2016-01-08,1832,0,18.6,0.9,73280,1,templado,False,28.142857142857142
2016-01-08,302.0,Queso Horno,Empanadas,1953,24,701.0,2016,1,Friday,2016-01-08,1955,-2,18.6,0.9,46920,1,templado,False,20.857142857142858
2016-01-08,105.0,Baguette,Panes,1124,16,551.0,2016,1,Friday,2016-01-08,1124,0,18.6,0.9,17984,1,templado,False,20.428571428571427
2016-01-08,101.0,Marraqueta,Panes,1397,92,561.0,2016,1,Friday,2016-01-08,1397,0,18.6,0.9,128524,1,templado,False,90.85714285714286
2016-01-08,202.0,Alfajor Maicena,Pastelería,1053,41,250.0,2016,1,Friday,2016-01-08,1053,0,18.6,0.9,43173,1,templado,False,70.28571428571429
2016-01-08,203.0,Kuchen de Manzana,Pastelería,2506,18,1001.0,2016,1,Friday,2016-01-08,2506,0,18.6,0.9,45108,1,templado,False,20.571428571428573
2016-01-08,204.0,Donas,Pastelería,1101,39,330.0,2016,1,Friday,2016-01-08,1101,0,18.6,0.9,42939,1,templado,False,64.14285714285714
2016-01-08,205.0,Pastel de Milhojas,Pastelería,1782,21,631.0,2016,1,Friday,2016-01-08,1782,0,18.6,0.9,37422,1,templado,False,28.285714285714285
2016-01-08,201.0,Berlín Crema,Pastelería,1185,34,360.0,2016,1,Friday,2016-01-08,1185,0,18.6,0.9,40290,1,templado,False,59.142857142857146
2016-01-09,304.0,Queso Frita,Empanadas,1634,18,561.0,2016,1,Saturday,2016-01-09,1634,0,20.7,0.0,29412,0,caluroso,True,18.428571428571427
2016-01-09,504.0,Torta Selva Negra,Rotisería,15044,8,6008.0,2016,1,Saturday,2016-01-09,15044,0,20.7,0.0,120352,0,caluroso,True,4.428571428571429
2016-01-09,503.0,Galletas Mantequilla,Rotisería,2777,11,841.0,2016,1,Saturday,2016-01-09,2777,0,20.7,0.0,30547,0,caluroso,True,9.571428571428571
2016-01-09,502.0,Mermelada Casera,Rotisería,3218,8,1602.0,2016,1,Saturday,2016-01-09,3218,0,20.7,0.0,25744,0,caluroso,True,7.714285714285714
2016-01-09,405.0,Té / Infusión,Cafetería,1022,5,100.0,2016,1,Saturday,2016-01-09,1022,0,20.7,0.0,5110,0,caluroso,True,10.285714285714286
2016-01-09,404.0,Bebida 500ml,Cafetería,1176,51,481.0,2016,1,Saturday,2016-01-09,1176,0,20.7,0.0,59976,0,caluroso,True,40.85714285714285
2016-01-09,403.0,Jugo Natural,Cafetería,2509,22,751.0,2016,1,Saturday,2016-01-09,2509,0,20.7,0.0,55198,0,caluroso,True,16.428571428571427
2016-01-09,402.0,Capuchino,Cafetería,2189,33,441.0,2016,1,Saturday,2016-01-09,2189,0,20.7,0.0,72237,0,caluroso,True,27.0
2016-01-09,401.0,Café Espresso,Cafetería,1543,30,225.0,2016,1,Saturday,2016-01-09,1543,0,20.7,0.0,46290,0,caluroso,True,35.57142857142857
2016-01-09,305.0,Napolitana,Empanadas,2138,13,841.0,2016,1,Saturday,2016-01-09,2138,0,20.7,0.0,27794,0,caluroso,True,11.142857142857142
2016-01-09,303.0,Pino Frita,Empanadas,1826,9,721.0,2016,1,Saturday,2016-01-09,1826,0,20.7,0.0,16434,0,caluroso,True,16.714285714285715
